{
    "Entertainment": {
        "monthlyData": {
            "2023-01": 1546.31,
            "2023-02": 529.5,
            "2023-03": 358.01,
            "2023-04": 964.76,
            "2023-05": 335.31,
            "2023-06": 651.08,
            "2023-07": 1374.62,
            "2023-08": 1559.05,
            "2023-09": 1186.88,
            "2023-10": 1194.0,
            "2023-11": 1466.74,
            "2023-12": 0.0
        },
        "months": [
            "2023-01",
            "2023-02",
            "2023-03",
            "2023-04",
            "2023-05",
            "2023-06",
            "2023-07",
            "2023-08",
            "2023-09",
            "2023-10",
            "2023-11",
            "2023-12"
        ],
        "totalSpent": 11166.26
    },
    "Food": {
        "monthlyData": {
            "2023-01": 2830.57,
            "2023-02": 889.5699999999999,
            "2023-03": 366.99,
            "2023-04": 51.45,
            "2023-05": 421.58,
            "2023-06": 761.46,
            "2023-07": 375.62,
            "2023-08": 1027.62,
            "2023-09": 1536.53,
            "2023-10": 91.42,
            "2023-11": 1175.39,
            "2023-12": 399.91
        },
        "months": [
            "2023-01",
            "2023-02",
            "2023-03",
            "2023-04",
            "2023-05",
            "2023-06",
            "2023-07",
            "2023-08",
            "2023-09",
            "2023-10",
            "2023-11",
            "2023-12"
        ],
        "totalSpent": 9928.109999999999
    },
    "Transportation": {
        "monthlyData": {
            "2023-01": 363.91,
            "2023-02": 1170.1999999999998,
            "2023-03": 1935.14,
            "2023-04": 867.4499999999999,
            "2023-05": 184.86,
            "2023-06": 1256.24,
            "2023-07": 673.37,
            "2023-08": 2091.31,
            "2023-09": 141.41,
            "2023-10": 810.89,
            "2023-11": 845.95,
            "2023-12": 385.4
        },
        "months": [
            "2023-01",
            "2023-02",
            "2023-03",
            "2023-04",
            "2023-05",
            "2023-06",
            "2023-07",
            "2023-08",
            "2023-09",
            "2023-10",
            "2023-11",
            "2023-12"
        ],
        "totalSpent": 10726.13
    },
    "Utilities": {
        "monthlyData": {
            "2023-01": 479.54,
            "2023-02": 649.02,
            "2023-03": 1208.79,
            "2023-04": 928.34,
            "2023-05": 1806.78,
            "2023-06": 2076.85,
            "2023-07": 704.59,
            "2023-08": 258.1,
            "2023-09": 1449.5,
            "2023-10": 1549.12,
            "2023-11": 1133.45,
            "2023-12": 2175.78
        },
        "months": [
            "2023-01",
            "2023-02",
            "2023-03",
            "2023-04",
            "2023-05",
            "2023-06",
            "2023-07",
            "2023-08",
            "2023-09",
            "2023-10",
            "2023-11",
            "2023-12"
        ],
        "totalSpent": 14419.860000000002
    }
}